姓名,性别,修为,头像
王林,男,婴变期,https://ai-web-2025.oss-cn-beijing.aliyuncs.com/1.png
李慕婉,女,元婴期,https://ai-web-2025.oss-cn-beijing.aliyuncs.com/1.png
王卓,男,金丹期,https://ai-web-2025.oss-cn-beijing.aliyuncs.com/1.png
柳眉,女,筑基后期,https://ai-web-2025.oss-cn-beijing.aliyuncs.com/1.png
张虎,男,结丹期,https://ai-web-2025.oss-cn-beijing.aliyuncs.com/1.png
木冰眉,女,化神期,https://ai-web-2025.oss-cn-beijing.aliyuncs.com/1.png
司徒南,男,化神后期,https://ai-web-2025.oss-cn-beijing.aliyuncs.com/1.png
天运子,男,问鼎中期,https://ai-web-2025.oss-cn-beijing.aliyuncs.com/1.png
云雀子,男,问鼎后期,https://ai-web-2025.oss-cn-beijing.aliyuncs.com/1.png
罗天星,男,婴变前期,https://ai-web-2025.oss-cn-beijing.aliyuncs.com/1.png
藤化元,男,元婴大圆满,https://ai-web-2025.oss-cn-beijing.aliyuncs.com/1.png
孙泰,男,筑基后期,https://ai-web-2025.oss-cn-beijing.aliyuncs.com/1.png
墨智,男,化神初期,https://ai-web-2025.oss-cn-beijing.aliyuncs.com/1.png
十三,男,筑基初期,https://ai-web-2025.oss-cn-beijing.aliyuncs.com/1.png
莫厉海,男,元婴初期,https://ai-web-2025.oss-cn-beijing.aliyuncs.com/1.png
